"","Zip","clim_div"
"1",28619,"NC SOUTHERN MOUNTAINS"
"2",27559,"NC SOUTHERN COASTAL PLAIN"
"3",27881,"NC NORTHERN COASTAL PLAIN"
"4",27843,"NC NORTHERN COASTAL PLAIN"
"5",27244,"NC NORTHERN PIEDMONT"
"6",27203,"NC CENTRAL PIEDMONT"
"7",27298,"NC CENTRAL PIEDMONT"
"8",27235,"NC NORTHERN PIEDMONT"
"9",28054,"NC SOUTHERN PIEDMONT"
"10",28611,"NC SOUTHERN MOUNTAINS"
"11",27208,"NC SOUTHERN PIEDMONT"
"12",28098,"NC SOUTHERN PIEDMONT"
"13",27249,"NC NORTHERN PIEDMONT"
"14",27609,"NC CENTRAL PIEDMONT"
"15",28135,"NC SOUTHERN PIEDMONT"
"16",28447,"NC SOUTHERN COASTAL PLAIN"
"17",27820,"NC NORTHERN COASTAL PLAIN"
"18",28771,"NC SOUTHERN MOUNTAINS"
"19",27939,"NC NORTHERN COASTAL PLAIN"
"20",28349,"NC SOUTHERN COASTAL PLAIN"
"21",28453,"NC SOUTHERN COASTAL PLAIN"
"22",27885,"NC CENTRAL COASTAL PLAIN"
"23",28745,"NC SOUTHERN MOUNTAINS"
"24",27860,"NC CENTRAL COASTAL PLAIN"
"25",27919,"NC NORTHERN COASTAL PLAIN"
"26",27946,"NC NORTHERN COASTAL PLAIN"
"27",27853,"VA TIDEWATER"
"28",27956,"NC NORTHERN COASTAL PLAIN"
"29",28742,"NC SOUTHERN MOUNTAINS"
"30",27870,"NC NORTHERN COASTAL PLAIN"
"31",27024,"VA SOUTHWESTERN MOUNTAIN"
"32",28758,"NC SOUTHERN MOUNTAINS"
"33",28129,"NC SOUTHERN PIEDMONT"
"34",27522,"NC CENTRAL PIEDMONT"
"35",27017,"NC NORTHERN MOUNTAINS"
"36",28128,"NC SOUTHERN PIEDMONT"
"37",28726,"NC SOUTHERN MOUNTAINS"
"38",28719,"NC SOUTHERN MOUNTAINS"
"39",28789,"NC SOUTHERN MOUNTAINS"
"40",28455,"NC SOUTHERN COASTAL PLAIN"
"41",28683,"NC NORTHERN MOUNTAINS"
"42",27970,"NC NORTHERN COASTAL PLAIN"
"43",27025,"NC NORTHERN PIEDMONT"
"44",27042,"NC NORTHERN PIEDMONT"
"45",27014,"NC CENTRAL PIEDMONT"
"46",28325,"NC SOUTHERN COASTAL PLAIN"
"47",28323,"NC SOUTHERN COASTAL PLAIN"
"48",27357,"NC NORTHERN PIEDMONT"
"49",28033,"NC SOUTHERN PIEDMONT"
"50",28637,"NC SOUTHERN MOUNTAINS"
"51",28667,"NC SOUTHERN MOUNTAINS"
"52",27562,"NC SOUTHERN COASTAL PLAIN"
"53",27502,"NC CENTRAL PIEDMONT"
"54",28436,"NC SOUTHERN COASTAL PLAIN"
"55",27310,"NC NORTHERN PIEDMONT"
"56",27409,"NC NORTHERN PIEDMONT"
"57",27233,"NC CENTRAL PIEDMONT"
"58",27263,"NC CENTRAL PIEDMONT"
"59",28012,"NC SOUTHERN PIEDMONT"
"60",28606,"NC NORTHERN MOUNTAINS"
"61",28052,"NC SOUTHERN PIEDMONT"
"62",27605,"NC CENTRAL PIEDMONT"
"63",27054,"NC CENTRAL PIEDMONT"
"64",27606,"NC CENTRAL PIEDMONT"
"65",27408,"NC NORTHERN PIEDMONT"
"66",28452,"NC SOUTHERN COASTAL PLAIN"
"67",27574,"NC NORTHERN PIEDMONT"
"68",28562,"NC CENTRAL COASTAL PLAIN"
"69",28733,"NC SOUTHERN MOUNTAINS"
"70",28684,"NC NORTHERN MOUNTAINS"
"71",28464,"NC SOUTHERN COASTAL PLAIN"
"72",27927,"NC NORTHERN COASTAL PLAIN"
"73",27923,"NC NORTHERN COASTAL PLAIN"
"74",27966,"NC NORTHERN COASTAL PLAIN"
"75",28119,"NC SOUTHERN PIEDMONT"
"76",27875,"NC CENTRAL COASTAL PLAIN"
"77",28791,"NC SOUTHERN MOUNTAINS"
"78",27932,"NC NORTHERN COASTAL PLAIN"
"79",28646,"NC NORTHERN MOUNTAINS"
"80",27890,"NC NORTHERN COASTAL PLAIN"
"81",28777,"NC SOUTHERN MOUNTAINS"
"82",28616,"NC NORTHERN MOUNTAINS"
"83",28327,"NC SOUTHERN PIEDMONT"
"84",28909,"NC SOUTHERN MOUNTAINS"
"85",27924,"NC NORTHERN COASTAL PLAIN"
"86",28668,"NC NORTHERN MOUNTAINS"
"87",28740,"NC SOUTHERN MOUNTAINS"
"88",28073,"NC SOUTHERN PIEDMONT"
"89",27925,"NC CENTRAL COASTAL PLAIN"
"90",27967,"NC NORTHERN COASTAL PLAIN"
"91",28712,"SC MOUNTAIN"
"92",28746,"NC SOUTHERN MOUNTAINS"
"93",27872,"NC NORTHERN COASTAL PLAIN"
"94",28364,"NC SOUTHERN COASTAL PLAIN"
"95",28749,"NC SOUTHERN MOUNTAINS"
"96",27281,"NC SOUTHERN PIEDMONT"
"97",28755,"NC SOUTHERN MOUNTAINS"
"98",28358,"NC SOUTHERN COASTAL PLAIN"
"99",28772,"SC MOUNTAIN"
"100",28328,"NC SOUTHERN COASTAL PLAIN"
"101",28762,"NC SOUTHERN MOUNTAINS"
"102",28553,"NC CENTRAL COASTAL PLAIN"
"103",28577,"NC CENTRAL COASTAL PLAIN"
"104",28640,"NC NORTHERN MOUNTAINS"
"105",28557,"NC CENTRAL COASTAL PLAIN"
"106",27981,"NC NORTHERN COASTAL PLAIN"
"107",27936,"NC NORTHERN COASTAL PLAIN"
"108",27587,"NC CENTRAL PIEDMONT"
"109",27508,"NC NORTHERN PIEDMONT"
"110",28125,"NC CENTRAL PIEDMONT"
"111",28422,"NC SOUTHERN COASTAL PLAIN"
"112",28451,"NC SOUTHERN COASTAL PLAIN"
"113",27517,"NC CENTRAL PIEDMONT"
"114",28107,"NC SOUTHERN PIEDMONT"
"115",28027,"NC SOUTHERN PIEDMONT"
"116",27613,"NC CENTRAL PIEDMONT"
"117",27513,"NC CENTRAL PIEDMONT"
"118",27055,"NC NORTHERN MOUNTAINS"
"119",27601,"NC CENTRAL PIEDMONT"
"120",27358,"NC NORTHERN PIEDMONT"
"121",27893,"NC CENTRAL COASTAL PLAIN"
"122",27704,"NC CENTRAL PIEDMONT"
"123",27863,"NC CENTRAL COASTAL PLAIN"
"124",28547,"NC SOUTHERN COASTAL PLAIN"
"125",28551,"NC CENTRAL COASTAL PLAIN"
"126",28542,"NC SOUTHERN COASTAL PLAIN"
"127",27803,"NC CENTRAL COASTAL PLAIN"
"128",28212,"NC SOUTHERN PIEDMONT"
"129",27503,"NC NORTHERN PIEDMONT"
"130",27807,"NC CENTRAL COASTAL PLAIN"
"131",28348,"NC SOUTHERN COASTAL PLAIN"
"132",27051,"NC NORTHERN PIEDMONT"
"133",28226,"NC SOUTHERN PIEDMONT"
"134",28701,"NC SOUTHERN MOUNTAINS"
"135",28770,"NC SOUTHERN MOUNTAINS"
"136",28214,"NC SOUTHERN PIEDMONT"
"137",28278,"NC SOUTHERN PIEDMONT"
"138",28078,"NC SOUTHERN PIEDMONT"
"139",27856,"NC NORTHERN COASTAL PLAIN"
"140",28580,"NC CENTRAL COASTAL PLAIN"
"141",28037,"NC SOUTHERN PIEDMONT"
"142",28412,"NC SOUTHERN COASTAL PLAIN"
"143",27053,"VA WESTERN PIEDMONT"
"144",27521,"NC SOUTHERN COASTAL PLAIN"
"145",28398,"NC SOUTHERN COASTAL PLAIN"
"146",28368,"NC SOUTHERN COASTAL PLAIN"
"147",27506,"NC SOUTHERN COASTAL PLAIN"
"148",27239,"NC SOUTHERN PIEDMONT"
"149",28086,"NC SOUTHERN PIEDMONT"
"150",28645,"NC SOUTHERN MOUNTAINS"
"151",28612,"NC SOUTHERN PIEDMONT"
"152",28420,"NC SOUTHERN COASTAL PLAIN"
"153",27407,"NC NORTHERN PIEDMONT"
"154",28449,"NC SOUTHERN COASTAL PLAIN"
"155",28480,"NC SOUTHERN COASTAL PLAIN"
"156",27529,"NC CENTRAL COASTAL PLAIN"
"157",28147,"NC CENTRAL PIEDMONT"
"158",27048,"VA WESTERN PIEDMONT"
"159",27568,"NC CENTRAL COASTAL PLAIN"
"160",28041,"NC CENTRAL PIEDMONT"
"161",27268,"NC NORTHERN PIEDMONT"
"162",28716,"NC SOUTHERN MOUNTAINS"
"163",28443,"NC SOUTHERN COASTAL PLAIN"
"164",28585,"NC CENTRAL COASTAL PLAIN"
"165",27291,"NC NORTHERN PIEDMONT"
"166",28743,"NC SOUTHERN MOUNTAINS"
"167",27941,"NC NORTHERN COASTAL PLAIN"
"168",27897,"NC NORTHERN COASTAL PLAIN"
"169",28739,"NC SOUTHERN MOUNTAINS"
"170",27806,"NC CENTRAL COASTAL PLAIN"
"171",28472,"NC SOUTHERN COASTAL PLAIN"
"172",27212,"NC NORTHERN PIEDMONT"
"173",27379,"NC NORTHERN PIEDMONT"
"174",28906,"NC SOUTHERN MOUNTAINS"
"175",28109,"NC SOUTHERN PIEDMONT"
"176",27839,"NC NORTHERN COASTAL PLAIN"
"177",27817,"NC CENTRAL COASTAL PLAIN"
"178",28621,"NC NORTHERN MOUNTAINS"
"179",28766,"NC SOUTHERN MOUNTAINS"
"180",28623,"VA SOUTHWESTERN MOUNTAIN"
"181",28705,"NC SOUTHERN MOUNTAINS"
"182",28652,"NC NORTHERN MOUNTAINS"
"183",28315,"NC SOUTHERN PIEDMONT"
"184",28736,"NC SOUTHERN MOUNTAINS"
"185",28707,"NC SOUTHERN MOUNTAINS"
"186",28337,"NC SOUTHERN COASTAL PLAIN"
"187",28020,"NC SOUTHERN PIEDMONT"
"188",28394,"NC SOUTHERN PIEDMONT"
"189",27974,"NC NORTHERN COASTAL PLAIN"
"190",28373,"NC SOUTHERN PIEDMONT"
"191",28768,"NC SOUTHERN MOUNTAINS"
"192",28167,"NC SOUTHERN MOUNTAINS"
"193",28018,"NC SOUTHERN PIEDMONT"
"194",27247,"NC SOUTHERN PIEDMONT"
"195",27957,"NC NORTHERN COASTAL PLAIN"
"196",28644,"NC NORTHERN MOUNTAINS"
"197",28017,"NC SOUTHERN PIEDMONT"
"198",28718,"SC MOUNTAIN"
"199",28654,"NC NORTHERN MOUNTAINS"
"200",28375,"NC SOUTHERN COASTAL PLAIN"
"201",28626,"NC NORTHERN MOUNTAINS"
"202",28528,"NC CENTRAL COASTAL PLAIN"
"203",28367,"NC SOUTHERN PIEDMONT"
"204",27582,"NC NORTHERN PIEDMONT"
"205",28363,"NC SOUTHERN PIEDMONT"
"206",27954,"NC NORTHERN COASTAL PLAIN"
"207",27968,"NC NORTHERN COASTAL PLAIN"
"208",27943,"NC NORTHERN COASTAL PLAIN"
"209",27861,"NC NORTHERN COASTAL PLAIN"
"210",28077,"NC SOUTHERN PIEDMONT"
"211",28343,"NC SOUTHERN COASTAL PLAIN"
"212",27295,"NC CENTRAL PIEDMONT"
"213",28625,"NC CENTRAL PIEDMONT"
"214",27545,"NC CENTRAL PIEDMONT"
"215",27265,"NC CENTRAL PIEDMONT"
"216",28678,"NC CENTRAL PIEDMONT"
"217",28479,"NC SOUTHERN COASTAL PLAIN"
"218",27253,"NC CENTRAL PIEDMONT"
"219",28104,"NC SOUTHERN PIEDMONT"
"220",28761,"NC SOUTHERN MOUNTAINS"
"221",28642,"NC NORTHERN MOUNTAINS"
"222",27617,"NC CENTRAL PIEDMONT"
"223",27519,"NC CENTRAL PIEDMONT"
"224",28203,"NC SOUTHERN PIEDMONT"
"225",27830,"NC CENTRAL COASTAL PLAIN"
"226",28574,"NC CENTRAL COASTAL PLAIN"
"227",28546,"NC CENTRAL COASTAL PLAIN"
"228",28206,"NC SOUTHERN PIEDMONT"
"229",28333,"NC CENTRAL COASTAL PLAIN"
"230",28513,"NC CENTRAL COASTAL PLAIN"
"231",28312,"NC SOUTHERN COASTAL PLAIN"
"232",27837,"NC CENTRAL COASTAL PLAIN"
"233",27878,"NC CENTRAL COASTAL PLAIN"
"234",27829,"NC CENTRAL COASTAL PLAIN"
"235",27708,"NC NORTHERN PIEDMONT"
"236",28715,"NC SOUTHERN MOUNTAINS"
"237",28395,"NC SOUTHERN COASTAL PLAIN"
"238",27050,"NC NORTHERN PIEDMONT"
"239",27886,"NC CENTRAL COASTAL PLAIN"
"240",27572,"NC NORTHERN PIEDMONT"
"241",28753,"NC SOUTHERN MOUNTAINS"
"242",27009,"NC NORTHERN PIEDMONT"
"243",28216,"NC SOUTHERN PIEDMONT"
"244",28031,"NC SOUTHERN PIEDMONT"
"245",28401,"NC SOUTHERN COASTAL PLAIN"
"246",28504,"NC CENTRAL COASTAL PLAIN"
"247",28609,"NC CENTRAL PIEDMONT"
"248",27549,"NC NORTHERN PIEDMONT"
"249",27292,"NC CENTRAL PIEDMONT"
"250",27801,"NC NORTHERN COASTAL PLAIN"
"251",28110,"NC SOUTHERN PIEDMONT"
"252",27011,"NC NORTHERN MOUNTAINS"
"253",27607,"NC CENTRAL PIEDMONT"
"254",27713,"NC CENTRAL PIEDMONT"
"255",27518,"NC CENTRAL PIEDMONT"
"256",28071,"NC SOUTHERN PIEDMONT"
"257",28202,"NC SOUTHERN PIEDMONT"
"258",27883,"NC CENTRAL COASTAL PLAIN"
"259",28540,"NC SOUTHERN COASTAL PLAIN"
"260",27569,"NC CENTRAL COASTAL PLAIN"
"261",27260,"NC CENTRAL PIEDMONT"
"262",28578,"NC CENTRAL COASTAL PLAIN"
"263",28590,"NC CENTRAL COASTAL PLAIN"
"264",28305,"NC SOUTHERN COASTAL PLAIN"
"265",27879,"NC CENTRAL COASTAL PLAIN"
"266",28314,"NC SOUTHERN COASTAL PLAIN"
"267",27812,"NC CENTRAL COASTAL PLAIN"
"268",28344,"NC SOUTHERN COASTAL PLAIN"
"269",28759,"NC SOUTHERN MOUNTAINS"
"270",27021,"NC NORTHERN PIEDMONT"
"271",28310,"NC SOUTHERN PIEDMONT"
"272",28356,"NC SOUTHERN COASTAL PLAIN"
"273",28269,"NC SOUTHERN PIEDMONT"
"274",27406,"NC CENTRAL PIEDMONT"
"275",28658,"NC CENTRAL PIEDMONT"
"276",28405,"NC SOUTHERN COASTAL PLAIN"
"277",27541,"NC NORTHERN PIEDMONT"
"278",27016,"NC NORTHERN PIEDMONT"
"279",27030,"VA SOUTHWESTERN MOUNTAIN"
"280",28341,"NC SOUTHERN COASTAL PLAIN"
"281",27370,"NC CENTRAL PIEDMONT"
"282",28112,"NC SOUTHERN PIEDMONT"
"283",28127,"NC SOUTHERN PIEDMONT"
"284",28671,"NC SOUTHERN MOUNTAINS"
"285",28034,"NC SOUTHERN PIEDMONT"
"286",27282,"NC NORTHERN PIEDMONT"
"287",28428,"NC SOUTHERN COASTAL PLAIN"
"288",27313,"NC CENTRAL PIEDMONT"
"289",27577,"NC CENTRAL COASTAL PLAIN"
"290",28366,"NC CENTRAL COASTAL PLAIN"
"291",27326,"VA WESTERN PIEDMONT"
"292",28144,"NC CENTRAL PIEDMONT"
"293",28137,"NC SOUTHERN PIEDMONT"
"294",27608,"NC CENTRAL PIEDMONT"
"295",27027,"NC NORTHERN PIEDMONT"
"296",28088,"NC CENTRAL PIEDMONT"
"297",27342,"NC NORTHERN PIEDMONT"
"298",28170,"NC SOUTHERN PIEDMONT"
"299",28692,"NC NORTHERN MOUNTAINS"
"300",28782,"SC MOUNTAIN"
"301",28091,"NC SOUTHERN PIEDMONT"
"302",28573,"NC CENTRAL COASTAL PLAIN"
"303",27965,"NC NORTHERN COASTAL PLAIN"
"304",27810,"NC CENTRAL COASTAL PLAIN"
"305",27804,"NC NORTHERN COASTAL PLAIN"
"306",28650,"NC SOUTHERN PIEDMONT"
"307",27028,"NC NORTHERN MOUNTAINS"
"308",28508,"NC CENTRAL COASTAL PLAIN"
"309",28090,"NC SOUTHERN PIEDMONT"
"310",28638,"NC NORTHERN MOUNTAINS"
"311",27350,"NC CENTRAL PIEDMONT"
"312",28469,"NC SOUTHERN COASTAL PLAIN"
"313",28409,"NC SOUTHERN COASTAL PLAIN"
"314",27455,"NC NORTHERN PIEDMONT"
"315",27599,"NC NORTHERN PIEDMONT"
"316",27248,"NC CENTRAL PIEDMONT"
"317",27341,"NC SOUTHERN PIEDMONT"
"318",27325,"NC SOUTHERN PIEDMONT"
"319",28023,"NC CENTRAL PIEDMONT"
"320",27697,"NC CENTRAL PIEDMONT"
"321",27695,"NC CENTRAL PIEDMONT"
"322",28478,"NC SOUTHERN COASTAL PLAIN"
"323",27842,"NC NORTHERN PIEDMONT"
"324",27343,"NC NORTHERN PIEDMONT"
"325",27958,"VA TIDEWATER"
"326",28393,"NC SOUTHERN COASTAL PLAIN"
"327",27876,"NC NORTHERN COASTAL PLAIN"
"328",28618,"NC NORTHERN MOUNTAINS"
"329",27824,"NC CENTRAL COASTAL PLAIN"
"330",28773,"SC MOUNTAIN"
"331",27007,"NC NORTHERN MOUNTAINS"
"332",28731,"NC SOUTHERN MOUNTAINS"
"333",27615,"NC CENTRAL PIEDMONT"
"334",28790,"SC MOUNTAIN"
"335",28713,"NC SOUTHERN MOUNTAINS"
"336",28430,"NC SOUTHERN COASTAL PLAIN"
"337",28150,"NC SOUTHERN PIEDMONT"
"338",28552,"NC CENTRAL COASTAL PLAIN"
"339",27922,"NC NORTHERN COASTAL PLAIN"
"340",27563,"NC NORTHERN PIEDMONT"
"341",27921,"NC NORTHERN COASTAL PLAIN"
"342",27356,"NC SOUTHERN PIEDMONT"
"343",28631,"VA SOUTHWESTERN MOUNTAIN"
"344",28509,"NC CENTRAL COASTAL PLAIN"
"345",27209,"NC SOUTHERN PIEDMONT"
"346",28350,"NC SOUTHERN PIEDMONT"
"347",28378,"NC SOUTHERN COASTAL PLAIN"
"348",27507,"VA EASTERN PIEDMONT"
"349",27846,"NC NORTHERN COASTAL PLAIN"
"350",28708,"NC SOUTHERN MOUNTAINS"
"351",28649,"NC NORTHERN MOUNTAINS"
"352",28362,"NC SOUTHERN COASTAL PLAIN"
"353",28763,"NC SOUTHERN MOUNTAINS"
"354",28615,"NC NORTHERN MOUNTAINS"
"355",28385,"NC SOUTHERN COASTAL PLAIN"
"356",28579,"NC CENTRAL COASTAL PLAIN"
"357",28076,"NC SOUTHERN MOUNTAINS"
"358",28511,"NC CENTRAL COASTAL PLAIN"
"359",28575,"NC CENTRAL COASTAL PLAIN"
"360",28666,"NC SOUTHERN MOUNTAINS"
"361",27537,"VA EASTERN PIEDMONT"
"362",27262,"NC CENTRAL PIEDMONT"
"363",27012,"NC CENTRAL PIEDMONT"
"364",28117,"NC SOUTHERN PIEDMONT"
"365",28660,"NC CENTRAL PIEDMONT"
"366",28636,"NC CENTRAL PIEDMONT"
"367",27516,"NC CENTRAL PIEDMONT"
"368",28628,"NC SOUTHERN MOUNTAINS"
"369",27320,"NC NORTHERN PIEDMONT"
"370",28075,"NC SOUTHERN PIEDMONT"
"371",27214,"NC NORTHERN PIEDMONT"
"372",27604,"NC CENTRAL PIEDMONT"
"373",27101,"NC NORTHERN PIEDMONT"
"374",27858,"NC CENTRAL COASTAL PLAIN"
"375",28280,"NC SOUTHERN PIEDMONT"
"376",28584,"NC CENTRAL COASTAL PLAIN"
"377",27530,"NC CENTRAL COASTAL PLAIN"
"378",28555,"NC CENTRAL COASTAL PLAIN"
"379",27851,"NC CENTRAL COASTAL PLAIN"
"380",27104,"NC NORTHERN PIEDMONT"
"381",27896,"NC CENTRAL COASTAL PLAIN"
"382",27707,"NC NORTHERN PIEDMONT"
"383",28303,"NC SOUTHERN COASTAL PLAIN"
"384",27703,"NC CENTRAL PIEDMONT"
"385",27884,"NC CENTRAL COASTAL PLAIN"
"386",27852,"NC CENTRAL COASTAL PLAIN"
"387",28805,"NC SOUTHERN MOUNTAINS"
"388",27524,"NC CENTRAL COASTAL PLAIN"
"389",27712,"NC NORTHERN PIEDMONT"
"390",28209,"NC SOUTHERN PIEDMONT"
"391",28384,"NC SOUTHERN COASTAL PLAIN"
"392",28277,"NC SOUTHERN PIEDMONT"
"393",27023,"NC NORTHERN MOUNTAINS"
"394",28613,"NC CENTRAL PIEDMONT"
"395",27401,"NC NORTHERN PIEDMONT"
"396",27501,"NC CENTRAL COASTAL PLAIN"
"397",27504,"NC CENTRAL COASTAL PLAIN"
"398",27046,"NC NORTHERN PIEDMONT"
"399",27546,"NC SOUTHERN COASTAL PLAIN"
"400",27332,"NC SOUTHERN COASTAL PLAIN"
"401",28080,"NC SOUTHERN PIEDMONT"
"402",27526,"NC SOUTHERN COASTAL PLAIN"
"403",27592,"NC CENTRAL COASTAL PLAIN"
"404",27330,"NC SOUTHERN PIEDMONT"
"405",28690,"NC SOUTHERN MOUNTAINS"
"406",27256,"NC CENTRAL PIEDMONT"
"407",28630,"NC SOUTHERN MOUNTAINS"
"408",28108,"NC SOUTHERN PIEDMONT"
"409",28120,"NC SOUTHERN PIEDMONT"
"410",28411,"NC SOUTHERN COASTAL PLAIN"
"411",27301,"NC NORTHERN PIEDMONT"
"412",27283,"NC CENTRAL PIEDMONT"
"413",28605,"NC NORTHERN MOUNTAINS"
"414",28056,"NC SOUTHERN PIEDMONT"
"415",27316,"NC CENTRAL PIEDMONT"
"416",28036,"NC SOUTHERN PIEDMONT"
"417",28624,"NC NORTHERN MOUNTAINS"
"418",28146,"NC CENTRAL PIEDMONT"
"419",27576,"NC CENTRAL COASTAL PLAIN"
"420",27593,"NC CENTRAL COASTAL PLAIN"
"421",28039,"NC CENTRAL PIEDMONT"
"422",27573,"NC NORTHERN PIEDMONT"
"423",27832,"NC NORTHERN COASTAL PLAIN"
"424",28421,"NC SOUTHERN COASTAL PLAIN"
"425",28435,"NC SOUTHERN COASTAL PLAIN"
"426",28679,"NC NORTHERN MOUNTAINS"
"427",27565,"NC NORTHERN PIEDMONT"
"428",27831,"NC NORTHERN COASTAL PLAIN"
"429",28751,"NC SOUTHERN MOUNTAINS"
"430",28102,"NC SOUTHERN PIEDMONT"
"431",27985,"NC NORTHERN COASTAL PLAIN"
"432",27917,"NC NORTHERN COASTAL PLAIN"
"433",28431,"NC SOUTHERN COASTAL PLAIN"
"434",28604,"NC NORTHERN MOUNTAINS"
"435",28009,"NC SOUTHERN PIEDMONT"
"436",28653,"NC NORTHERN MOUNTAINS"
"437",27892,"NC CENTRAL COASTAL PLAIN"
"438",28676,"NC NORTHERN MOUNTAINS"
"439",28438,"NC SOUTHERN COASTAL PLAIN"
"440",28463,"NC SOUTHERN COASTAL PLAIN"
"441",28774,"SC MOUNTAIN"
"442",28587,"NC CENTRAL COASTAL PLAIN"
"443",28779,"NC SOUTHERN MOUNTAINS"
"444",27551,"NC NORTHERN PIEDMONT"
"445",28556,"NC CENTRAL COASTAL PLAIN"
"446",27553,"NC NORTHERN PIEDMONT"
"447",27986,"NC NORTHERN COASTAL PLAIN"
"448",28554,"NC CENTRAL COASTAL PLAIN"
"449",27983,"NC NORTHERN COASTAL PLAIN"
"450",27306,"NC SOUTHERN PIEDMONT"
"451",28357,"NC SOUTHERN COASTAL PLAIN"
"452",28747,"NC SOUTHERN MOUNTAINS"
"453",28533,"NC CENTRAL COASTAL PLAIN"
"454",28019,"NC SOUTHERN MOUNTAINS"
"455",27509,"NC NORTHERN PIEDMONT"
"456",28516,"NC CENTRAL COASTAL PLAIN"
"457",27948,"NC NORTHERN COASTAL PLAIN"
"458",27938,"NC NORTHERN COASTAL PLAIN"
"459",27920,"NC NORTHERN COASTAL PLAIN"
"460",27841,"NC NORTHERN COASTAL PLAIN"
"461",28775,"NC SOUTHERN MOUNTAINS"
"462",27709,"NC NORTHERN PIEDMONT"
"463",27982,"NC NORTHERN COASTAL PLAIN"
"464",28101,"NC SOUTHERN PIEDMONT"
"465",27202,"NC NORTHERN PIEDMONT"
"466",28282,"NC SOUTHERN PIEDMONT"
"467",28352,"NC SOUTHERN COASTAL PLAIN"
"468",27584,"NC NORTHERN PIEDMONT"
"469",27826,"NC CENTRAL COASTAL PLAIN"
"470",27980,"NC NORTHERN COASTAL PLAIN"
"471",28729,"NC SOUTHERN MOUNTAINS"
"472",28001,"NC SOUTHERN PIEDMONT"
"473",27823,"NC NORTHERN COASTAL PLAIN"
"474",27311,"VA WESTERN PIEDMONT"
"475",28662,"NC NORTHERN MOUNTAINS"
"476",28710,"NC SOUTHERN MOUNTAINS"
"477",27821,"NC CENTRAL COASTAL PLAIN"
"478",27299,"NC CENTRAL PIEDMONT"
"479",28163,"NC SOUTHERN PIEDMONT"
"480",27874,"NC NORTHERN COASTAL PLAIN"
"481",28320,"NC SOUTHERN COASTAL PLAIN"
"482",28783,"NC SOUTHERN MOUNTAINS"
"483",28152,"NC SOUTHERN PIEDMONT"
"484",28675,"VA SOUTHWESTERN MOUNTAIN"
"485",28904,"NC SOUTHERN MOUNTAINS"
"486",28529,"NC CENTRAL COASTAL PLAIN"
"487",27928,"NC CENTRAL COASTAL PLAIN"
"488",28560,"NC CENTRAL COASTAL PLAIN"
"489",28434,"NC SOUTHERN COASTAL PLAIN"
"490",28040,"NC SOUTHERN PIEDMONT"
"491",27909,"NC NORTHERN COASTAL PLAIN"
"492",28725,"NC SOUTHERN MOUNTAINS"
"493",28714,"NC SOUTHERN MOUNTAINS"
"494",28377,"NC SOUTHERN COASTAL PLAIN"
"495",28685,"NC NORTHERN MOUNTAINS"
"496",28043,"NC SOUTHERN MOUNTAINS"
"497",28383,"NC SOUTHERN COASTAL PLAIN"
"498",28372,"NC SOUTHERN COASTAL PLAIN"
"499",28570,"NC CENTRAL COASTAL PLAIN"
"500",28379,"NC SOUTHERN PIEDMONT"
"501",28643,"NC NORTHERN MOUNTAINS"
"502",28520,"NC CENTRAL COASTAL PLAIN"
"503",28594,"NC CENTRAL COASTAL PLAIN"
"504",28345,"NC SOUTHERN PIEDMONT"
"505",27915,"NC NORTHERN COASTAL PLAIN"
"506",27857,"NC NORTHERN COASTAL PLAIN"
"507",27840,"NC NORTHERN COASTAL PLAIN"
"508",27864,"NC NORTHERN COASTAL PLAIN"
"509",28032,"NC SOUTHERN PIEDMONT"
"510",27340,"NC NORTHERN PIEDMONT"
"511",27201,"NC NORTHERN PIEDMONT"
"512",27969,"NC NORTHERN COASTAL PLAIN"
"513",28355,"NC CENTRAL PIEDMONT"
"514",27360,"NC CENTRAL PIEDMONT"
"515",27597,"NC CENTRAL COASTAL PLAIN"
"516",27571,"NC CENTRAL PIEDMONT"
"517",27544,"NC NORTHERN PIEDMONT"
"518",28634,"NC NORTHERN MOUNTAINS"
"519",27013,"NC CENTRAL PIEDMONT"
"520",28655,"NC SOUTHERN MOUNTAINS"
"521",27355,"NC CENTRAL PIEDMONT"
"522",28641,"NC SOUTHERN MOUNTAINS"
"523",28025,"NC SOUTHERN PIEDMONT"
"524",28097,"NC SOUTHERN PIEDMONT"
"525",28801,"NC SOUTHERN MOUNTAINS"
"526",28445,"NC SOUTHERN COASTAL PLAIN"
"527",28539,"NC SOUTHERN COASTAL PLAIN"
"528",28582,"NC CENTRAL COASTAL PLAIN"
"529",27103,"NC NORTHERN PIEDMONT"
"530",28803,"NC SOUTHERN MOUNTAINS"
"531",27533,"NC CENTRAL COASTAL PLAIN"
"532",27109,"NC NORTHERN PIEDMONT"
"533",27880,"NC CENTRAL COASTAL PLAIN"
"534",27278,"NC NORTHERN PIEDMONT"
"535",27871,"NC CENTRAL COASTAL PLAIN"
"536",28382,"NC SOUTHERN COASTAL PLAIN"
"537",28704,"NC SOUTHERN MOUNTAINS"
"538",28207,"NC SOUTHERN PIEDMONT"
"539",28270,"NC SOUTHERN PIEDMONT"
"540",27596,"NC CENTRAL PIEDMONT"
"541",27816,"NC NORTHERN PIEDMONT"
"542",27844,"NC NORTHERN PIEDMONT"
"543",27603,"NC CENTRAL COASTAL PLAIN"
"544",27882,"NC NORTHERN PIEDMONT"
"545",27312,"NC CENTRAL PIEDMONT"
"546",27018,"NC NORTHERN MOUNTAINS"
"547",28244,"NC SOUTHERN PIEDMONT"
"548",28301,"NC SOUTHERN COASTAL PLAIN"
"549",28306,"NC SOUTHERN COASTAL PLAIN"
"550",28454,"NC SOUTHERN COASTAL PLAIN"
"551",28804,"NC SOUTHERN MOUNTAINS"
"552",28204,"NC SOUTHERN PIEDMONT"
"553",28521,"NC SOUTHERN COASTAL PLAIN"
"554",27531,"NC CENTRAL COASTAL PLAIN"
"555",28586,"NC CENTRAL COASTAL PLAIN"
"556",28215,"NC SOUTHERN PIEDMONT"
"557",27828,"NC CENTRAL COASTAL PLAIN"
"558",27827,"NC CENTRAL COASTAL PLAIN"
"559",28211,"NC SOUTHERN PIEDMONT"
"560",28105,"NC SOUTHERN PIEDMONT"
"561",28210,"NC SOUTHERN PIEDMONT"
"562",28391,"NC SOUTHERN COASTAL PLAIN"
"563",28274,"NC SOUTHERN PIEDMONT"
"564",28331,"NC SOUTHERN COASTAL PLAIN"
"565",27583,"NC NORTHERN PIEDMONT"
"566",28732,"NC SOUTHERN MOUNTAINS"
"567",27043,"NC NORTHERN MOUNTAINS"
"568",28308,"NC SOUTHERN COASTAL PLAIN"
"569",28307,"NC SOUTHERN COASTAL PLAIN"
"570",28711,"NC SOUTHERN MOUNTAINS"
"571",28371,"NC SOUTHERN COASTAL PLAIN"
"572",27284,"NC CENTRAL PIEDMONT"
"573",28792,"NC SOUTHERN MOUNTAINS"
"574",28223,"NC SOUTHERN PIEDMONT"
"575",28273,"NC SOUTHERN PIEDMONT"
"576",28501,"NC CENTRAL COASTAL PLAIN"
"577",28525,"NC CENTRAL COASTAL PLAIN"
"578",28610,"NC CENTRAL PIEDMONT"
"579",27405,"NC NORTHERN PIEDMONT"
"580",27302,"NC NORTHERN PIEDMONT"
"581",28682,"NC CENTRAL PIEDMONT"
"582",27891,"NC NORTHERN COASTAL PLAIN"
"583",27022,"VA WESTERN PIEDMONT"
"584",28164,"NC SOUTHERN PIEDMONT"
"585",27505,"NC SOUTHERN COASTAL PLAIN"
"586",27205,"NC CENTRAL PIEDMONT"
"587",27371,"NC SOUTHERN PIEDMONT"
"588",28016,"NC SOUTHERN PIEDMONT"
"589",28468,"NC SOUTHERN COASTAL PLAIN"
"590",28467,"NC SOUTHERN COASTAL PLAIN"
"591",27819,"NC CENTRAL COASTAL PLAIN"
"592",28456,"NC SOUTHERN COASTAL PLAIN"
"593",27288,"VA WESTERN PIEDMONT"
"594",27610,"NC CENTRAL COASTAL PLAIN"
"595",27612,"NC CENTRAL PIEDMONT"
"596",28607,"NC NORTHERN MOUNTAINS"
"597",28457,"NC SOUTHERN COASTAL PLAIN"
"598",28722,"NC SOUTHERN MOUNTAINS"
"599",27855,"NC NORTHERN COASTAL PLAIN"
"600",27305,"VA WESTERN PIEDMONT"
"601",27950,"VA TIDEWATER"
"602",28702,"NC SOUTHERN MOUNTAINS"
"603",27944,"NC NORTHERN COASTAL PLAIN"
"604",27929,"NC NORTHERN COASTAL PLAIN"
"605",27964,"NC NORTHERN COASTAL PLAIN"
"606",28785,"NC SOUTHERN MOUNTAINS"
"607",28139,"NC SOUTHERN MOUNTAINS"
"608",27869,"NC NORTHERN COASTAL PLAIN"
"609",27808,"NC CENTRAL COASTAL PLAIN"
"610",28905,"NC SOUTHERN MOUNTAINS"
"611",28748,"NC SOUTHERN MOUNTAINS"
"612",28334,"NC CENTRAL COASTAL PLAIN"
"613",27040,"NC NORTHERN MOUNTAINS"
"614",28757,"NC SOUTHERN MOUNTAINS"
"615",28390,"NC SOUTHERN COASTAL PLAIN"
"616",28602,"NC SOUTHERN MOUNTAINS"
"617",28429,"NC SOUTHERN COASTAL PLAIN"
"618",28538,"NC CENTRAL COASTAL PLAIN"
"619",28092,"NC SOUTHERN PIEDMONT"
"620",27041,"NC NORTHERN MOUNTAINS"
"621",28006,"NC SOUTHERN PIEDMONT"
"622",28173,"NC SOUTHERN PIEDMONT"
"623",28103,"NC SOUTHERN PIEDMONT"
"624",27523,"NC CENTRAL PIEDMONT"
"625",27252,"NC SOUTHERN PIEDMONT"
"626",28470,"NC SOUTHERN COASTAL PLAIN"
"627",28462,"NC SOUTHERN COASTAL PLAIN"
"628",27317,"NC CENTRAL PIEDMONT"
"629",28133,"NC SOUTHERN PIEDMONT"
"630",27410,"NC NORTHERN PIEDMONT"
"631",28442,"NC SOUTHERN COASTAL PLAIN"
"632",28622,"NC NORTHERN MOUNTAINS"
"633",28432,"NC SOUTHERN COASTAL PLAIN"
"634",28433,"NC SOUTHERN COASTAL PLAIN"
"635",27814,"NC CENTRAL COASTAL PLAIN"
"636",28717,"SC MOUNTAIN"
"637",28537,"NC CENTRAL COASTAL PLAIN"
"638",27976,"VA TIDEWATER"
"639",27910,"NC NORTHERN COASTAL PLAIN"
"640",27259,"NC SOUTHERN PIEDMONT"
"641",28571,"NC CENTRAL COASTAL PLAIN"
"642",27376,"NC SOUTHERN PIEDMONT"
"643",27818,"VA TIDEWATER"
"644",28734,"NC SOUTHERN MOUNTAINS"
"645",27570,"NC NORTHERN PIEDMONT"
"646",28386,"NC SOUTHERN COASTAL PLAIN"
"647",27847,"NC NORTHERN COASTAL PLAIN"
"648",28669,"NC NORTHERN MOUNTAINS"
"649",28670,"NC NORTHERN MOUNTAINS"
"650",27536,"NC NORTHERN PIEDMONT"
"651",28392,"NC SOUTHERN COASTAL PLAIN"
"652",28340,"NC SOUTHERN COASTAL PLAIN"
"653",28160,"NC SOUTHERN MOUNTAINS"
"654",28074,"NC SOUTHERN MOUNTAINS"
"655",28651,"NC NORTHERN MOUNTAINS"
"656",28089,"NC SOUTHERN PIEDMONT"
"657",27949,"NC NORTHERN COASTAL PLAIN"
"658",28581,"NC CENTRAL COASTAL PLAIN"
"659",28693,"NC NORTHERN MOUNTAINS"
"660",28359,"NC SOUTHERN COASTAL PLAIN"
"661",28512,"NC CENTRAL COASTAL PLAIN"
"662",28617,"NC NORTHERN MOUNTAINS"
"663",27953,"NC CENTRAL COASTAL PLAIN"
"664",28330,"NC SOUTHERN PIEDMONT"
"665",27555,"NC CENTRAL COASTAL PLAIN"
"666",27510,"NC NORTHERN PIEDMONT"
"667",27412,"NC NORTHERN PIEDMONT"
"668",27377,"NC NORTHERN PIEDMONT"
"669",27520,"NC CENTRAL COASTAL PLAIN"
"670",28081,"NC SOUTHERN PIEDMONT"
"671",27527,"NC CENTRAL COASTAL PLAIN"
"672",28159,"NC CENTRAL PIEDMONT"
"673",28681,"NC NORTHERN MOUNTAINS"
"674",28083,"NC SOUTHERN PIEDMONT"
"675",28072,"NC CENTRAL PIEDMONT"
"676",28465,"NC SOUTHERN COASTAL PLAIN"
"677",27213,"NC CENTRAL PIEDMONT"
"678",28721,"NC SOUTHERN MOUNTAINS"
"679",28425,"NC SOUTHERN COASTAL PLAIN"
"680",27866,"NC NORTHERN COASTAL PLAIN"
"681",27862,"VA TIDEWATER"
"682",28698,"NC NORTHERN MOUNTAINS"
"683",28007,"NC SOUTHERN PIEDMONT"
"684",28458,"NC SOUTHERN COASTAL PLAIN"
"685",27916,"NC NORTHERN COASTAL PLAIN"
"686",28466,"NC SOUTHERN COASTAL PLAIN"
"687",28786,"NC SOUTHERN MOUNTAINS"
"688",27960,"NC CENTRAL COASTAL PLAIN"
"689",27845,"NC NORTHERN COASTAL PLAIN"
"690",27877,"NC NORTHERN COASTAL PLAIN"
"691",27947,"NC NORTHERN COASTAL PLAIN"
"692",28756,"NC SOUTHERN MOUNTAINS"
"693",27973,"NC NORTHERN COASTAL PLAIN"
"694",28448,"NC SOUTHERN COASTAL PLAIN"
"695",28444,"NC SOUTHERN COASTAL PLAIN"
"696",27850,"NC NORTHERN PIEDMONT"
"697",28901,"NC SOUTHERN MOUNTAINS"
"698",28423,"NC SOUTHERN COASTAL PLAIN"
"699",27865,"NC CENTRAL COASTAL PLAIN"
"700",28450,"NC SOUTHERN COASTAL PLAIN"
"701",27315,"VA WESTERN PIEDMONT"
"702",27962,"NC CENTRAL COASTAL PLAIN"
"703",28735,"NC SOUTHERN MOUNTAINS"
"704",27616,"NC CENTRAL PIEDMONT"
"705",27351,"NC CENTRAL PIEDMONT"
"706",28902,"NC SOUTHERN MOUNTAINS"
"707",27047,"NC NORTHERN MOUNTAINS"
"708",28439,"NC SOUTHERN COASTAL PLAIN"
"709",28664,"NC NORTHERN MOUNTAINS"
"710",28387,"NC SOUTHERN PIEDMONT"
"711",28374,"NC SOUTHERN PIEDMONT"
"712",28042,"NC SOUTHERN PIEDMONT"
"713",28663,"VA SOUTHWESTERN MOUNTAIN"
"714",28510,"NC CENTRAL COASTAL PLAIN"
"715",28136,"NC SOUTHERN PIEDMONT"
"716",28741,"NC SOUTHERN MOUNTAINS"
"717",27594,"NC NORTHERN PIEDMONT"
"718",28114,"NC SOUTHERN PIEDMONT"
"719",27849,"NC NORTHERN COASTAL PLAIN"
"720",28659,"NC NORTHERN MOUNTAINS"
"721",28527,"NC CENTRAL COASTAL PLAIN"
"722",27229,"NC SOUTHERN PIEDMONT"
"723",28332,"NC SOUTHERN COASTAL PLAIN"
"724",28720,"NC SOUTHERN MOUNTAINS"
"725",27979,"NC NORTHERN COASTAL PLAIN"
"726",28347,"NC SOUTHERN PIEDMONT"
"727",28697,"NC NORTHERN MOUNTAINS"
"728",28338,"NC SOUTHERN PIEDMONT"
"729",27926,"VA TIDEWATER"
"730",27937,"VA TIDEWATER"
"731",28531,"NC CENTRAL COASTAL PLAIN"
"732",28524,"NC CENTRAL COASTAL PLAIN"
"733",27825,"NC NORTHERN COASTAL PLAIN"
"734",27972,"NC NORTHERN COASTAL PLAIN"
"735",28672,"NC NORTHERN MOUNTAINS"
"736",28629,"NC NORTHERN MOUNTAINS"
"737",27539,"NC CENTRAL PIEDMONT"
"738",27525,"NC NORTHERN PIEDMONT"
"739",27591,"NC CENTRAL COASTAL PLAIN"
"740",27589,"NC NORTHERN PIEDMONT"
"741",27614,"NC CENTRAL PIEDMONT"
"742",28166,"NC CENTRAL PIEDMONT"
"743",27557,"NC CENTRAL COASTAL PLAIN"
"744",28115,"NC SOUTHERN PIEDMONT"
"745",28461,"NC SOUTHERN COASTAL PLAIN"
"746",27207,"NC CENTRAL PIEDMONT"
"747",28124,"NC SOUTHERN PIEDMONT"
"748",27511,"NC CENTRAL PIEDMONT"
"749",27542,"NC CENTRAL COASTAL PLAIN"
"750",28518,"NC SOUTHERN COASTAL PLAIN"
"751",27534,"NC CENTRAL COASTAL PLAIN"
"752",27106,"NC NORTHERN PIEDMONT"
"753",28544,"NC SOUTHERN COASTAL PLAIN"
"754",28205,"NC SOUTHERN PIEDMONT"
"755",28530,"NC CENTRAL COASTAL PLAIN"
"756",28806,"NC SOUTHERN MOUNTAINS"
"757",27813,"NC CENTRAL COASTAL PLAIN"
"758",27110,"NC NORTHERN PIEDMONT"
"759",28213,"NC SOUTHERN PIEDMONT"
"760",28787,"NC SOUTHERN MOUNTAINS"
"761",28709,"NC SOUTHERN MOUNTAINS"
"762",27019,"NC NORTHERN PIEDMONT"
"763",27052,"NC NORTHERN PIEDMONT"
"764",27045,"NC NORTHERN PIEDMONT"
"765",28311,"NC SOUTHERN COASTAL PLAIN"
"766",28217,"NC SOUTHERN PIEDMONT"
"767",28778,"NC SOUTHERN MOUNTAINS"
"768",28730,"NC SOUTHERN MOUNTAINS"
"769",28262,"NC SOUTHERN PIEDMONT"
"770",28134,"NC SOUTHERN PIEDMONT"
"771",27514,"NC NORTHERN PIEDMONT"
"772",27243,"NC NORTHERN PIEDMONT"
"773",27231,"NC NORTHERN PIEDMONT"
"774",27809,"NC NORTHERN COASTAL PLAIN"
"775",27403,"NC NORTHERN PIEDMONT"
"776",27006,"NC CENTRAL PIEDMONT"
"777",27540,"NC SOUTHERN COASTAL PLAIN"
"778",27314,"NC NORTHERN PIEDMONT"
"779",28424,"NC SOUTHERN COASTAL PLAIN"
"780",28723,"NC SOUTHERN MOUNTAINS"
"781",28515,"NC CENTRAL COASTAL PLAIN"
"782",27242,"NC SOUTHERN PIEDMONT"
"783",27942,"NC NORTHERN COASTAL PLAIN"
"784",28627,"NC NORTHERN MOUNTAINS"
"785",28441,"NC SOUTHERN COASTAL PLAIN"
"786",27805,"NC NORTHERN COASTAL PLAIN"
"787",28635,"NC NORTHERN MOUNTAINS"
"788",28788,"NC SOUTHERN MOUNTAINS"
"789",28519,"NC CENTRAL COASTAL PLAIN"
"790",28523,"NC CENTRAL COASTAL PLAIN"
"791",28169,"NC SOUTHERN PIEDMONT"
"792",27556,"NC NORTHERN PIEDMONT"
"793",28752,"NC SOUTHERN MOUNTAINS"
"794",28369,"NC SOUTHERN COASTAL PLAIN"
"795",28360,"NC SOUTHERN COASTAL PLAIN"
"796",28532,"NC CENTRAL COASTAL PLAIN"
"797",27581,"NC NORTHERN PIEDMONT"
"798",28694,"NC NORTHERN MOUNTAINS"
"799",28665,"NC NORTHERN MOUNTAINS"
"800",28376,"NC SOUTHERN PIEDMONT"
"801",27935,"NC NORTHERN COASTAL PLAIN"
"802",28781,"NC SOUTHERN MOUNTAINS"
"803",28589,"NC CENTRAL COASTAL PLAIN"
"804",28024,"NC SOUTHERN MOUNTAINS"
"805",27959,"NC NORTHERN COASTAL PLAIN"
"806",27978,"NC NORTHERN COASTAL PLAIN"
"807",28351,"NC SOUTHERN PIEDMONT"
"808",28396,"NC SOUTHERN PIEDMONT"
"809",27374,"NC CENTRAL PIEDMONT"
"810",27815,"NC NORTHERN COASTAL PLAIN"
"811",28677,"NC CENTRAL PIEDMONT"
"812",27107,"NC CENTRAL PIEDMONT"
"813",27127,"NC CENTRAL PIEDMONT"
"814",28689,"NC NORTHERN MOUNTAINS"
"815",27020,"NC NORTHERN MOUNTAINS"
"816",28079,"NC SOUTHERN PIEDMONT"
"817",27344,"NC CENTRAL PIEDMONT"
"818",27217,"NC NORTHERN PIEDMONT"
"819",27258,"NC NORTHERN PIEDMONT"
"820",28657,"NC SOUTHERN MOUNTAINS"
"821",27349,"NC CENTRAL PIEDMONT"
"822",28227,"NC SOUTHERN PIEDMONT"
"823",28138,"NC SOUTHERN PIEDMONT"
"824",27560,"NC CENTRAL PIEDMONT"
"825",27834,"NC CENTRAL COASTAL PLAIN"
"826",27701,"NC NORTHERN PIEDMONT"
"827",27105,"NC NORTHERN PIEDMONT"
"828",27705,"NC NORTHERN PIEDMONT"
"829",28572,"NC CENTRAL COASTAL PLAIN"
"830",28460,"NC SOUTHERN COASTAL PLAIN"
"831",28403,"NC SOUTHERN COASTAL PLAIN"
"832",28208,"NC SOUTHERN PIEDMONT"
"833",28304,"NC SOUTHERN COASTAL PLAIN"
"834",28365,"NC CENTRAL COASTAL PLAIN"
"835",28543,"NC SOUTHERN COASTAL PLAIN"
"836",27822,"NC CENTRAL COASTAL PLAIN"
"837",27889,"NC CENTRAL COASTAL PLAIN"
"838",27888,"NC CENTRAL COASTAL PLAIN"
"839",27873,"NC CENTRAL COASTAL PLAIN"
"840",28318,"NC SOUTHERN COASTAL PLAIN"
"841",28342,"NC SOUTHERN COASTAL PLAIN"
"842",28399,"NC SOUTHERN COASTAL PLAIN"
"843",28601,"NC SOUTHERN MOUNTAINS"
"844",27411,"NC NORTHERN PIEDMONT"
"845",28526,"NC CENTRAL COASTAL PLAIN"
"846",28673,"NC SOUTHERN PIEDMONT"
"847",28754,"NC SOUTHERN MOUNTAINS"
"848",28339,"NC SOUTHERN COASTAL PLAIN"
"849",28021,"NC SOUTHERN PIEDMONT"
"850",28168,"NC SOUTHERN PIEDMONT"
"851",28326,"NC SOUTHERN PIEDMONT"
"852",27215,"NC NORTHERN PIEDMONT"
"853",28174,"NC SOUTHERN PIEDMONT"
